,X1,X2,X3,X4,X5,X6,X7,X8
1,-1.088463626,0.01438583439,,1.456049463,0.06097917874,1.056200349,,-1.236954735
2,-2.350067958,,0.7896004412,,-0.195590089,9.578666357,40.456108,-2.32330918
3,,0.046181019,-3.132040798,1.162840571,0.3505871201,25.93224926,,0.6277926204
4,,-0.0004464196569,1.331621073,0.9035132422,-0.06589127311,,-2.205151489,0.2694633787
5,3.44659991,,-3.059973903,-1.074669633,0.2560276153,-0.08649311113,-38.07947602,-2.882153091
6,-1.404520695,,1.598569693,5.151255423,-0.1091548414,13.75866863,0.8123552733,-4.271714965
7,0.4551934838,0.000711586366,,-0.8442749532,-0.002739361334,-1.510930564,36.82455001,-4.914896681
8,-2.076624528,-0.0103695448,0.345411582,-5.719011802,-0.05573080524,-15.76643377,67.33157491,0.1205460879
9,,0.01687450745,1.242309508,1.849578074,,9.892853137,-9.13247542,0.2237263863
10,0.5531137746,-0.01604097642,-0.7926478983,-5.079022906,-0.05392536395,-9.412242074,,-5.142618612
11,1.102374204,,1.140223738,,-0.02932498439,0.1767590541,-5.924160957,1.215499443
12,-1.16566365,-0.008051137012,,-3.83916038,0.1146014475,-7.246990034,,1.826398686
13,1.824400726,-0.02237634065,-2.994807088,-3.424391548,0.07007117924,-4.746546132,-12.4758137,-0.1279769932
14,-2.139021322,,1.721518526,,,5.852488811,-21.565882,4.453059416
15,0.4038706519,-0.03984462983,-3.619913452,-10.83702724,0.1235697124,-28.68149158,66.06352616,
16,1.667747279,-0.03243007772,3.397703231,-7.938066807,0.2476912745,,52.24409248,
17,-2.1808442,0.00515666325,-0.7867084662,-2.490768456,-0.1292546717,16.09372534,,
18,1.659381438,-0.01997667509,0.8661137887,-1.186573384,-0.2918759116,-4.953103377,25.72702054,
19,-0.3816131862,,2.552661118,4.804284555,0.1632130096,,1.739419438,
20,,-0.03483605364,0.7079704894,-3.910559862,-0.299400764,-5.007483638,28.28258339,1.923499586
21,-0.9259300639,0.004650919843,-1.989307957,-0.2955472787,0.04593561345,14.84424141,-44.19126727,
22,-0.2235013738,,,-5.395900417,-0.03391206132,0.5483238338,39.55139084,-1.499167475
23,,,,-1.834281624,-0.1325086566,9.253364825,26.98137561,-2.425684898
24,0.4806284694,-0.02089564848,2.171214941,-0.1181678365,-0.3640495213,-5.490506013,5.505388506,8.37471792
25,-0.8590239844,-0.01402837291,-2.094385329,-6.462078166,0.089593736,-9.737077557,39.2025567,-2.276738383
26,-1.608863105,0.005960636329,-1.764257962,-0.6993504544,0.1408704293,-6.60961673,-8.309879273,1.867372387
27,-2.921763894,0.04007093776,,6.105019419,0.1160373172,,-34.21905828,1.339461908
28,,0.01910150653,-3.49218536,,0.03542421881,,,-5.366781256
29,-2.192020332,0.01986772915,0.9277914241,,0.07702139098,14.64011706,-37.53501331,
30,,-0.009942562432,1.42101062,-3.138699951,-0.04365531392,,,
31,-1.698519727,0.03284997194,2.789258514,,,4.961293087,-16.57330607,0.8987414752
32,0.06499811198,0.009612918049,-0.08641098934,0.6360928799,0.02815478478,16.23132627,,-3.661105796
33,-0.4420309437,-0.007406279648,-1.53621707,-4.121733568,0.05672580832,-4.564840201,,
34,-2.701333489,0.0318848988,0.769227944,,0.3325763764,,3.270505039,-1.527151143
35,3.25716741,-0.01361604793,-3.49263241,-1.220219403,0.2053970957,-4.118488899,-16.3037553,-5.884025428
36,1.131351547,-0.002989427513,-0.877750979,0.5174317358,0.004246793026,15.89897847,-40.93044892,0.2389004192
37,0.0594956869,-0.004613432279,,-1.688716359,0.1465062909,0.9084734839,,0.5339612246
38,,-0.02038932588,-1.288745375,-6.405931036,0.06869130268,-15.85352471,44.90360989,-0.5233850122
39,-0.6483700975,-0.01283538317,0.2105261125,-3.818561736,,-4.938026629,15.83849457,2.569647073
40,-2.400046013,0.008466909604,,-1.554833881,-0.02186940891,-2.460255827,35.7467063,0.07312955955
41,,0.005978579131,0.4176252864,1.287867749,-0.01234376814,8.792073493,,2.083990505
42,0.05472195591,0.02585225641,0.7852964233,5.335193396,-0.06656565195,12.58966184,,-5.076811064
43,0.9893512993,,1.23243086,3.460774059,0.1007951118,,-20.2526482,-1.86306257
44,,-0.02613533804,-1.036880197,-2.159549118,0.1139452127,,-26.074014,2.764456575
45,-1.088804536,0.009275516187,0.6712247185,2.659463271,-0.2385635842,5.496974369,-8.867763871,2.841168105
46,,-0.01607057563,1.816463383,,-0.02051560078,-0.8543568402,,-5.769008621
47,-1.933061516,0.01586858893,-1.045949146,,,15.92312805,,2.74731078
48,-1.918818844,,-0.4105796247,,,-0.9597630916,39.74687738,
49,-1.764891373,0.008668380299,0.6116540882,,-0.1673697435,-0.8296145248,8.368897061,2.517770942
50,-3.534064874,0.02762608624,-1.249742628,3.157397278,-0.138118428,,-9.632800101,2.249273336
51,-0.5372014907,-0.003754932872,,,0.2833814467,1.754421622,-5.564753741,-1.120262224
52,0.6262474005,-0.002218453689,0.75422701,-2.737416716,0.01726435359,-7.793043266,66.98790723,-8.785844628
53,2.029829048,-0.02678040947,-1.862057731,-4.438144909,0.2210637546,,-9.835007631,
54,-0.398848624,-0.0221931449,,-6.821881589,,-3.168652608,34.38096202,1.989960253
55,2.537972892,-0.01233012868,-0.3084729462,,0.2963323107,-1.54210867,,-1.443859885
56,,,-1.969664075,,0.1485153917,-11.78255942,-19.74614956,
57,-0.8816083014,0.002740693397,-1.028981575,,,,6.289854464,
58,-2.247023601,0.03738991656,3.312136819,7.288757135,-0.1361888997,-12.23617542,38.45860469,-1.800883783
59,-1.215219883,-0.003269041853,0.9600083774,-4.211358067,-0.007406375176,-0.6611404777,48.51759221,-2.977466088
60,,0.0317044353,,0.4378583453,,8.203413276,-12.26009584,-3.344634089
61,,-0.01695486565,2.211692516,-5.343640673,0.0641894817,1.117164381,51.17653201,-4.373675352
62,0.8363058307,-0.007228422362,,,0.01243147272,5.387173831,-34.77958878,1.510797875
63,,,-1.077979957,,-0.003606345425,,-7.457962218,-0.9186499477
64,-2.097936604,0.002637263726,0.9802656539,-4.077010968,-0.1057751708,5.991151701,,-3.341440209
65,-1.32936279,0.000113671152,-1.482992628,-3.11547765,0.09759726926,,8.095399306,-0.8967594908
66,-2.324698925,,0.2033599692,-4.0382007,0.04921999601,,7.680306473,
67,-3.051348474,0.009908315754,-0.4273967417,-6.107327781,0.0678963267,9.512285103,,-7.286256191
68,0.1264855073,0.02729336318,1.505378253,,,8.349094511,,
69,0.5410947739,,,5.07949767,,3.480271764,-5.341236095,-3.25128457
70,0.6170130714,-0.007799871626,2.733836977,,-0.3115044197,0.6915122863,9.057602356,3.867695883
71,-0.7495606945,0.01219599617,1.135851168,1.592632492,-0.1066225901,-4.172433525,32.84157627,-3.183514322
72,-1.127075834,,-1.773538495,-1.112834809,,-11.04411134,-10.89645384,3.255342273
73,-1.324478241,0.0007781159344,,-2.617138955,0.3161910095,-6.955811108,,1.398016732
74,,0.0059756359,0.03208952724,2.043192899,-0.2074971102,5.54093845,0.3067317022,-1.318035599
75,0.4801649486,-0.0002869767064,,2.936771601,-0.1719229208,-6.910506326,12.45870796,2.853448316
76,-0.5193174447,,-1.13443115,-0.3727050293,,,,
77,-2.193907186,-0.001648513942,-0.599685922,-2.733907376,0.289339479,,-22.05073312,6.728716452
78,3.451816771,-0.03056025761,,-3.587119553,0.3511755577,-3.747351652,-39.02812251,1.27531293
79,1.512271528,0.007909154172,1.637825078,3.926665448,0.08071515406,,-29.73550901,-0.7878639626
80,,-0.009507351531,-2.051289324,-2.731950619,0.08905493948,-7.118709617,16.24428155,-3.898432035
81,-1.807301241,0.02349540259,-0.9570066839,2.078803124,0.1988260535,,-64.21672441,1.07862658
82,0.5910696434,-0.001965501181,-2.801214275,-1.193246875,0.0323781503,,-5.698795909,
83,2.789662065,-0.03506073395,4.27951852,-4.18151825,-0.07601745296,-5.794066593,44.46865332,1.158114037
84,-3.195477975,0.02397829965,,-0.2175292691,-0.1798546207,13.00107835,,-4.322455619
85,,0.0163989842,-0.9934013424,2.867157505,-0.02355672592,,-1.390436852,-6.509792518
86,0.5936833908,-0.01391791803,,-3.581576116,-0.02021448919,-2.139856439,,
87,,0.004190805919,0.2367154593,,-0.03161254496,,24.64645044,-4.099389735
88,-1.073307364,,,-3.578912471,0.1404642006,8.416226289,-29.3546055,2.399569867
89,-1.750701951,0.01594162211,1.572284266,-0.2124645998,0.1764805946,-0.1337785876,23.54713937,
90,1.865498394,-0.04130603159,-2.907625997,-8.274683126,0.2179194292,-18.00388111,14.65850803,1.441724276
91,-0.745089272,-0.01258694402,-2.63789561,-5.303818379,,7.861525928,12.31875557,-1.470636358
92,,0.017571047,-0.3043321279,1.396592864,0.03759090449,1.110420035,-1.962310439,-0.06170158231
93,-0.8164423285,,-0.1895921375,-2.484604916,-0.03082450003,-7.490563512,,-2.125357501
94,,0.01247070031,0.9308738325,,0.01913824747,10.78844713,,1.990252988
95,0.1730806464,-0.01666140646,3.74329036,,-0.05912955496,-4.084165741,63.28673587,-1.162991437
96,-1.389530504,,,-1.371645914,0.203740677,4.967298164,-2.804817989,-0.359578064
97,-1.709033414,,,-3.237582763,,1.389776704,23.86816247,-3.378803519
98,-0.03375886731,0.005042433015,1.124314525,,-0.4649182285,-0.3601871115,11.9835079,1.462878101
99,2.11892859,-0.02439125268,-2.394941338,,0.2908598616,,5.516110153,-2.373697031
100,-0.9111297004,0.007485925606,,-0.08344212133,0.03492419073,24.20534997,-54.31466487,1.428216312
101,-1.572755681,0.0129961955,,1.765339122,,9.864208345,2.712126238,
102,-0.3542735333,,-0.2439961636,-1.581200301,0.1443090032,-0.7292944491,16.85780565,-3.649720354
103,-0.979100286,0.01476334855,-0.3945142161,0.5554889022,,,-18.37186051,-2.468370689
104,-1.350383498,0.007573247359,-3.081244396,-0.803510441,0.179099998,,,
105,3.224711721,,-1.161775613,-9.712854939,0.2533426451,-1.017167523,22.74982905,-3.718007833
106,-2.959264639,0.005194072516,-0.1435088783,-3.321742599,0.01025937557,7.371388051,8.957510591,1.95854531
107,-0.7761143793,-0.001590972904,1.543293859,-1.925096123,,,23.03825982,-0.5950187218
108,,-0.003331216189,-1.88464509,-3.433830011,-0.1406968689,5.822100745,16.31589875,-1.873734994
109,0.5122454557,,,-3.904083066,0.1246987998,-4.736454594,4.712399025,-1.059549385
110,,,0.5829304862,-1.931584313,-0.05110468185,-5.467323958,8.440275537,3.201371832
111,-1.553107538,0.01046710381,0.02639655113,,-0.2009628048,2.283426,21.81234959,-1.464467579
112,-0.6427687383,0.01123479191,,0.6772249749,-0.1766457854,-4.747990478,60.14006644,-6.093328739
113,0.273675706,-0.002888324118,3.409812728,1.973467035,-0.3377638283,-2.946584435,30.82961943,1.907102221
114,-0.106379541,-0.03454668044,-2.855803616,-6.341601431,-0.07870496048,,-33.06068435,9.246195091
115,0.06400075742,-0.01015931738,-0.1569737625,-2.637677948,,-11.52810081,40.54590034,
116,0.7291266908,-0.03561953712,-0.1103952814,-6.890696604,,-20.268568,39.76066137,3.592892809
117,-2.108008675,0.007344007358,2.314624042,,-0.07457601864,-1.069651923,,
118,0.7749178898,0.01739819,,3.532540676,-0.009875110059,8.021800049,-8.387841159,-6.524622738
119,1.54996935,-0.01805675081,1.428447751,-1.881628744,,1.304799687,5.720358392,1.241728367
120,0.2057928894,0.003119697071,1.411916992,1.859320872,0.01337487864,0.2216526685,-7.987887947,1.635725857
121,0.8933657456,-0.009024552208,-0.6021741074,,-0.18993505,2.833665081,,-4.074441054
122,-0.5483727664,0.01157976679,0.694172969,1.864119338,-0.1160207438,4.021218611,,
123,2.545015669,,1.024747142,5.189260867,0.171121224,,,-2.229601757
124,-2.495549683,0.002362644813,-0.7523304663,-3.444015038,,-10.30583821,67.00072119,-2.863511995
125,-1.493116559,0.002866766985,-0.5574469346,-0.3365052935,,-1.283095582,,
126,,0.007539234467,-1.99011167,-3.3250138,0.1002016212,-2.896788485,,-4.35340442
127,1.151623202,-0.0217751091,-3.048938872,-5.326251686,0.1813064955,-8.204072228,,
128,1.015728494,,-2.152508339,-1.984714223,0.2137576169,-0.6136618214,,-3.913304314
129,,,-0.6504242194,-2.558487849,0.03090358461,1.30344991,14.45144291,-2.763764381
130,-0.4693076437,-0.005396355531,2.161895679,-2.508676809,-0.1038767701,5.946754507,30.90592296,-0.772501661
131,,,1.070916379,1.434307436,-0.1062002766,2.424114155,2.081993489,0.6082697548
132,0.01868030871,-0.001000427117,-1.011136681,-2.233335204,-0.03710946807,13.32414523,,
133,-0.5543800852,-0.0175765135,0.9977788311,,-0.0565989955,12.28323843,31.54608335,-1.111477745
134,-0.4374479503,0.01866089682,-0.09371005132,,0.225400298,,-62.05450798,1.133749345
135,-0.2558122791,-0.008684892271,-2.326407645,,-0.06490263361,,8.962688747,-0.7641629049
136,,0.02523363422,2.180491288,6.401861809,-0.05581807609,13.94336456,,
137,-0.3542353036,-0.002831893836,,-0.1392076023,-0.2867505431,,,
138,,-0.0001886165917,-1.507837991,-0.4901517958,-0.01659753084,-0.7832719909,7.286430476,-3.57406539
139,0.874682444,-0.02721467125,2.757359027,-7.480511097,0.09599337345,-2.863066288,59.36856015,-2.191609158
140,-0.3494664795,-0.007557064743,-1.174242419,-3.805888195,0.05026883091,,36.18809497,-2.988149298
141,-0.9120712508,0.01051491378,,,,4.757514473,,-5.986753527
142,-1.691970232,0.03067184936,3.213033911,6.380525937,-0.1415513195,1.222457887,,-0.2311563501
143,1.117101324,-0.008055760503,0.9342860251,2.309785527,-0.153985345,-0.8986134342,-22.37293607,5.000228222
144,-1.938004699,,-1.532027956,,0.03555802829,9.542969009,-20.72352119,4.182654109
145,,-0.03765147582,-0.4112895619,-8.04357088,0.03512759118,,2.179882909,6.913263407
146,-3.846583001,,-1.976679868,2.077396156,-0.108380255,6.73870873,13.22461701,
147,0.1416614185,0.02682743811,3.752929864,,0.07576639629,4.984706526,-7.147607723,
148,-1.389917746,-0.006095052613,-0.8486130705,,0.3111390937,-10.050557,3.329115193,2.800932288
149,1.414001763,-0.01835681024,,-1.477115331,-0.08008874164,6.496141314,-41.53529107,3.311697663
150,-3.06571546,0.01511614115,-0.22336937,0.0825496538,0.01279086722,0.06167858104,-0.4951755778,2.988468837
151,-1.314555008,-0.01378853777,-1.181259998,-5.339933589,,9.582736617,-12.32701176,3.940470678
152,-0.8174164037,0.0002727491125,1.056159615,-0.964341953,,,19.6723222,
153,-1.383871206,0.008287171461,-1.261204443,,-0.06177353596,11.27197456,-18.28674484,0.5982578943
154,-1.100089798,0.01686641512,-2.415360781,1.067764103,0.2285712217,15.93782651,,-0.5326783398
155,2.356746113,-0.03579967833,1.330176143,-3.570916312,-0.2744946922,-4.246482339,21.65410244,3.284743356
156,0.7705087238,-0.02212756765,-0.1269190305,-4.296218675,,,26.71560586,1.118073056
157,-1.740164722,-0.002756989389,0.9523730579,-4.6416479,0.1541589956,3.726461589,22.27491264,0.1150114969
158,,,-1.056838219,-6.869211695,0.2084936022,-3.523627617,20.00539693,-1.271676611
159,-0.1224807948,-0.01710155093,,-6.006289964,0.2117083365,-6.631357657,19.72381912,
160,,-0.003876488667,0.1445757307,-2.807725462,-0.001541668672,-3.575271567,24.43419369,0.2392501806
161,1.969271085,,-1.22714319,-5.726652825,0.2071530516,-4.743261444,,
162,-0.5418197473,,-3.81612253,-4.938899998,-0.04555594386,14.89131676,-56.8079344,7.256375988
163,-1.427672569,0.01047846033,-3.894337789,0.4538062909,-0.03107013316,22.02854091,-64.97197352,1.994687353
164,2.067146537,-0.05547245773,-1.192821524,-8.647430736,,-8.090546288,-6.694070155,8.593472778
165,-0.9537552728,0.00279452228,2.073339396,,-0.1526614303,,3.168572323,
166,0.2724573331,-0.005095853084,0.5684575598,-3.932548847,-0.03923594303,,91.33227827,-9.52311108
167,1.383499364,-0.002697997455,-0.2763343137,-0.08844626485,0.1296344255,-1.646708979,0.7835839862,-3.233734553
168,,0.0211421034,2.558329398,0.6152749815,-0.03949970593,-0.4419154299,49.4040058,-3.700788957
169,,,1.206730165,-4.322087149,0.1272641356,-1.794034471,24.86536605,
170,-1.874860896,0.01287520493,-1.429779094,-0.5430113935,-0.1150888739,-5.441257643,37.01558099,-4.232953611
171,-0.2269671921,-0.03915483435,-0.1852297835,-8.835539445,0.1756331317,-8.342116415,3.900024125,8.38250806
172,-0.6355303479,0.0005637696938,-2.511308359,-0.817957477,0.125715833,-10.58759636,-5.463572198,0.5844158332
173,-0.2494957918,-0.01737132461,,-4.128204949,,14.37699905,-47.17686408,4.952939899
174,0.6562564816,,-0.8940650005,-2.729366563,,-5.552541043,,
175,-2.020416669,-0.003159778608,-3.063763857,-5.334056148,0.1364109373,12.29669903,,0.7292193725
176,0.1470702242,-0.002377770456,0.09989507964,-2.254717296,-0.07586496317,-4.751267927,50.11646176,
177,1.791238265,,-3.328406716,-3.428138714,0.04504554468,,-6.686407859,-1.168057289
178,,0.03609205157,,6.69468944,-0.1479053547,,-35.01441372,4.752733633
179,-0.3102499208,0.002992735189,-0.01712912966,0.006739604705,-0.01780547668,-3.411529219,14.17669557,-1.354987193
180,-2.018041611,0.03750281198,-0.3742262809,,0.3536077218,5.655819765,-21.1046765,-4.12542094
181,-0.1450136805,-0.02117112252,,,-0.1118942436,,-25.20113225,
182,0.3615248339,0.003065858995,-1.094231568,0.4311876792,,-0.6718843754,11.59357142,-3.745129286
183,-1.567384841,0.003305859503,-1.235124572,-3.687052304,0.09468023592,2.684620171,22.31392177,-3.410955744
184,,0.003075772412,-2.958821457,-1.046609273,0.06668911046,,-0.2228500666,-1.82544878
185,0.1685078856,-0.02470129439,-1.636006311,-4.647875114,,,-17.59430384,5.451806127
186,-3.086212906,0.03257257167,2.298629759,1.093822908,-0.09088417015,-2.269577864,77.62660122,-8.58578366
187,1.163804389,-0.01419663829,-2.966643214,-3.22630075,0.1509906814,-0.7990718375,-14.8010218,-1.379323445
188,,,0.4674477533,0.5920268294,,-0.2272877652,-0.4153957306,
189,1.350438351,,0.08769410408,1.301558174,-0.05743126269,,-4.615226255,-1.069215803
190,-1.713953833,,-1.189687183,3.62805449,0.01636444989,14.68958123,-24.59105874,-3.343929144
191,0.4016381011,-0.01892249968,0.4520369261,,-0.01887665464,-1.32009076,11.39318081,2.231710092
192,,,0.7025716939,1.505302632,-0.1551609191,,11.80543291,
193,-0.3177025571,,1.085654635,1.377167813,0.3597983586,5.776715115,-20.168786,
194,-2.018060453,0.001846316794,,-7.012838686,0.1485217056,7.240137678,63.95223673,-7.691713256
195,-1.166066291,0.0004773172291,-3.424026319,-1.805867577,0.2587157866,11.11361916,-63.97006939,4.338770177
196,0.9892748337,,2.907827746,1.400467117,-0.04166831536,2.660605303,,-0.5553380965
197,-3.891091475,0.04377190309,-0.6624318743,,,14.32815604,-27.62955441,-2.837506355
198,-1.110526875,0.005566706956,-0.6649636531,-2.181043399,0.05121453098,3.001292614,20.84338856,-3.745994284
199,-0.2662399132,-0.002586107194,,-3.522846261,0.1251748019,-6.198222611,,-5.122735218
200,-2.068715444,2.43E-05,-1.711401536,-4.703905114,0.1048187979,-2.961718477,,-1.830688567
201,-0.8625473965,0.005121270911,-1.094987536,-0.4733964191,0.03279926982,6.164484583,-12.62490546,-0.05147352649
202,-0.1782244577,0.009074824783,,2.099699954,-0.1677470514,10.41173581,,-1.182038363
203,,0.003503798704,1.375115834,-1.36505426,0.112908107,-5.991355283,34.94425188,-2.696420755
204,-0.9289178419,0.0003256786218,-0.2800812695,,0.08349534758,-4.872226832,-13.22069937,4.065891307
205,-1.036625651,-0.008746119682,0.1004142314,-1.744458036,0.1994977649,,-30.38459656,8.339371102
206,-0.4609881499,-0.002281742001,-1.17194383,-2.313896013,-0.0635218046,,9.458710521,-2.145233859
207,2.247931737,-0.02753955976,-2.978035023,-2.726909257,,3.622485441,-51.54493099,
208,0.7789682101,-0.01341049311,-0.3991295095,-2.591702363,0.09865866176,,-8.270937895,1.029835245
209,-1.892406765,0.007369882385,-1.123329881,,,15.86032479,,2.395261961
210,-2.031202213,0.004567046149,-2.132062804,-1.36631779,0.001234758034,24.94280392,,5.071401708
211,-1.388056769,-0.01391566888,-2.544170207,-4.894583492,,5.184393886,-40.30342635,6.76015901
212,0.27978476,,,-3.766977509,0.03098081741,-13.91385285,44.2206435,-2.853544499
213,,0.01599300538,,-1.908593723,,13.80429358,18.3023865,-2.393402714
214,-1.778068878,0.005950293236,-2.13564213,-2.346781059,0.1139436196,-2.185756076,7.185772958,-1.331969724
215,-1.983305551,-0.0005028619242,,,-0.2252606545,4.497043778,-23.10896932,
216,-1.232508676,0.001521011262,0.07355022288,1.512314815,-0.2284278329,2.435603018,-18.14975078,6.060354892
217,-1.579820381,-0.01166733806,,-4.315971832,0.03534110315,3.040395819,-13.73716113,
218,,0.009095418023,0.7366092914,-1.182627858,0.1402946989,-0.5574443235,,-0.001905655816
219,1.150218765,0.002965276389,0.3089214674,1.616968903,0.1186548902,6.092933991,,-1.31077128
220,,,1.868036702,1.764205466,-0.3332521012,,19.20881725,-0.9404199466
221,-0.601246646,,-1.205443434,1.203095722,,,-17.07345608,3.484908331
222,-0.9931190989,0.0110492063,-2.08921921,1.085940259,-0.04517386405,-6.149220422,,-2.041363281
223,2.524765432,-0.05052734589,-3.86902219,-7.766608242,0.1231332582,6.96423489,-63.23531811,8.288886541
224,-0.8138332882,-0.007495345382,-0.9085676497,-3.832127673,0.03685571099,,18.73284354,-0.4027777622
225,,0.01498736902,-1.984300725,,0.1533156789,,-1.615012975,0.6681871527
226,-0.2666902714,-0.008132204341,-1.576760109,-1.365439738,0.1975618152,-10.19040144,-22.24999432,4.729313277
227,,-0.03076913774,-2.869555639,-7.762008328,0.3671383685,-24.82216189,47.19484968,-6.154485272
228,-0.1924483036,-0.008320193845,-1.623553933,,,-5.70320018,-13.28856686,2.361261357
229,-2.613376471,0.01712040537,0.2687474354,3.060642723,,3.13509947,-23.97704533,
230,-1.638012077,0.009338985236,1.137062031,3.608668689,-0.3146464554,5.089987263,-20.09620336,6.793310673
231,1.523056977,-0.02836670465,-1.581015543,,0.1343768238,-16.19861106,25.69093033,-0.553395281
232,-3.456958402,0.004480191675,-2.529818463,,0.2521092503,1.316394671,41.35380727,
233,,-0.01697926009,2.751417849,-5.921475917,-0.03710696625,-2.655143756,71.03672821,-3.713122362
234,2.096352207,,,-0.9208972873,,-0.4652963651,-17.16509123,-2.605035909
235,-2.157450884,-0.0003052346915,0.1567099275,,,5.658202807,-29.21857917,9.172043249
236,-5.194538702,0.04194082033,0.7199147461,3.958951094,0.07135629679,13.09973125,-31.61162328,4.671531308
237,-1.689489299,0.006167429706,0.2817663647,-2.540142542,0.033519789,7.021895465,20.58220522,-2.26494002
238,-1.688929228,0.03022972135,0.7363836042,5.095178463,-0.06685407822,3.122000893,0.05080251198,-2.127470236
239,-3.681173215,0.0359549924,-1.101862137,,,5.91819644,,-0.07130390421
240,-1.631322292,0.003347819345,,0.2447070283,0.0724107288,-3.216265347,,
241,-0.3220401222,-0.0138268334,,-4.122337724,-0.08311886071,10.87190231,,
242,,-0.0224846651,0.2923350096,-4.178118291,0.05821531956,-6.181494117,19.93035069,0.1804738969
243,-2.207836183,0.0196492216,-0.8270982204,0.970935078,0.1716785008,13.02427462,-34.92272845,
244,,0.007634310644,,2.293576848,-0.0008208578354,,13.62137009,
245,0.5807567741,-0.02468996714,,,0.04223997654,4.845250081,23.22414659,0.1753296525
246,,0.001684070323,-0.133306866,-0.5218732053,0.07033819337,5.292566733,,-2.859099908
247,,-0.01655823416,,-10.32866923,-0.04763150236,-5.576017888,,-2.710283255
248,0.7385227093,-0.0216393569,0.05375999202,,0.06892577701,-1.322702681,-12.38480352,4.744096944
249,1.334406583,,-1.282704632,-3.762681108,0.169293731,-12.29228879,24.98445623,
250,-3.218931318,,0.06007359017,0.5508461338,,7.760655589,,-1.9823263
251,-0.6555799936,-0.007005986336,-2.411972983,,-0.01990310949,,,1.894099906
252,-1.933552942,0.01521325738,-0.8903104006,,0.2955801921,10.82929586,-10.23790855,-2.658237637
253,0.1950694686,-0.003523173347,-0.8235406758,,0.07372783503,-8.935365171,35.17241078,-4.641754269
254,,,-1.93182653,-0.5057593393,0.3842344196,12.79640591,-47.09863297,-0.3045804864
255,1.767282599,-0.02251338519,,-2.39592644,0.1393704812,-10.07346078,-12.01963493,2.953677519
256,0.08272234341,,,1.441118686,,6.046374458,-23.40503485,-0.2039261902
257,,0.008457569413,1.374797188,0.5715305294,,-0.3422436234,23.3080149,-1.367741701
258,-2.177967472,-0.004484059852,,,0.1638874779,-5.107362284,27.54316967,2.659249274
259,-1.487728201,0.01380550822,0.3293689974,-1.994745922,0.1975215947,-1.128281684,40.01585417,-6.543812278
260,-0.5090906205,,1.180377967,4.080800818,0.2466004336,,-27.94075055,
261,0.7571819146,-0.02364366702,-0.7468285452,-3.906980228,0.004472707449,-1.949778077,-7.138701714,
262,-0.1982271301,-0.02323638999,-2.025569189,-7.254007091,-0.1250196714,-14.21144662,64.32089965,-3.259653727
263,,,-1.273814559,-0.212589228,0.0172426659,13.2257209,-22.20066098,
264,-0.2599256712,0.01926446065,0.4880311916,3.224071412,0.1368466058,,,-1.34238588
265,-0.07412529035,0.006921541212,-0.6562038847,-0.2239927952,0.001274875169,,28.76586399,-5.697947262
266,,,-0.934532653,-3.755061679,,1.162751697,1.283033383,1.245858151
267,-3.158890555,0.007894735158,,,-0.02237639495,,-63.77138745,10.23047632
268,-2.006176174,0.03064456958,-0.6868540851,,-0.1752574503,-1.023699902,25.07207728,-5.485825221
269,-1.798473691,-0.001709724429,,-1.07646717,,,-22.57161717,7.70208578
270,,0.007055875478,0.2046868811,,-0.02068932334,13.38415166,-28.54553617,4.217882364
271,,0.02240767524,,5.583544552,-0.3207039365,-6.464776873,19.38700197,
272,-1.946180261,,-1.83845768,-1.629886271,0.2446563273,5.751244315,,3.08440527
273,,0.001307631948,-0.1668587905,-0.0189750414,-0.04872025944,-1.764953636,-5.904903359,3.585509606
274,-0.7272301411,-0.01434428812,-3.090691158,-5.238590731,-0.1016281769,,-1.041863842,0.2833619943
275,-1.626672241,0.009651737482,-1.91071481,-0.07096235868,-0.08905949236,,,
276,-0.1024607126,-0.02028755641,0.5451776674,,,,8.363581508,7.873786576
277,0.7002300873,-0.01327433871,-0.6556772516,-2.305966263,0.04011689212,-5.626363247,5.535056646,0.5996577425
278,-0.7619687803,,-0.5468739528,1.90922319,,14.06384449,-38.59789785,0.9361374221
279,-3.157183033,0.02306341966,-0.3243664754,-0.4798125925,-0.1996717697,13.84800819,28.87346859,-4.6163163
280,2.745399708,-0.0183451997,-1.061808055,-1.168773028,0.1792777577,-2.253253114,-24.02958415,-0.1001162996
281,-0.6051636751,-0.01557277608,0.5299019885,-4.243870242,,-6.59360017,16.25561648,3.479348194
282,0.7662886804,-0.016808485,-3.188611266,,0.1196845055,-6.445356695,6.195170152,-2.128729809
283,-1.837731457,-0.01969321886,-5.092574863,-7.405906308,0.004416865412,9.413118235,-32.5350736,
284,-1.392601322,-0.01223972755,-2.492763432,-7.018410058,-0.005151901237,-3.46279473,40.70640442,-2.924269053
285,0.1713019408,-0.02500688663,1.543641921,-5.540686661,0.09496709567,-1.549713549,12.35439959,
286,-1.275401871,0.005901723144,1.586223719,-1.813376722,-0.02362624177,5.25775137,33.90865279,-2.910245283
287,-0.8802261202,0.004164025848,1.336284675,1.19140108,-0.2878854846,-1.067073594,,
288,0.1302720431,0.02030811212,1.78398127,4.829171983,0.01438662969,9.910084879,-16.30763523,
289,-1.71584271,0.003204880933,-1.921547856,-3.46160531,0.1001894197,7.333960844,0.6061278403,-1.521477102
290,-4.986018233,0.05415917447,-0.4398766908,3.738331458,,9.808345524,-15.51771411,-3.160934332
291,2.278946026,-0.006764285433,1.31746858,-0.1940540085,0.3011881826,-6.160153901,,-3.216019563
292,-0.7825960551,-0.0005214004735,,-2.481836718,0.1054881904,,0.8039572238,-0.4348400279
293,0.3899343843,0.002699210692,,0.03213874307,0.03314966405,-12.44256543,12.7802648,-4.608103829
294,-0.8101385416,0.008858416886,-1.175042791,0.7966285366,-0.2617155623,2.326260143,19.88080404,-3.380103729
295,-2.379339072,0.02734335732,0.7432747217,,0.05326212296,11.22351529,,2.808971266
296,-0.3471212014,-0.001020806185,-1.986800911,-2.616481966,,-10.06138828,47.26142176,-6.100288908
297,-0.5835980779,0.003883636689,-0.6982625079,,,6.778200243,8.999518943,
298,,,-1.264483689,-1.596881244,,-1.649224933,-2.416196695,
299,0.3328494239,-0.02065040388,1.15098732,-6.320672815,,13.18642102,24.7048372,-1.361458924
300,-3.405450331,,0.2560556507,,-0.2371604889,13.44482899,48.70001663,-5.348738143
301,-2.840747592,0.02624849111,-0.4312831182,1.180093166,,2.127913707,29.68971614,-4.386261904
302,-4.462713816,0.05232162954,,4.264950804,0.1786525199,-4.267969962,54.40420639,-6.260830274
303,1.362981992,,-4.161769943,0.2644402544,0.1144214306,,-13.09989408,
304,0.05264226137,-0.002365770417,-0.8087696352,-1.155161484,0.02928259374,7.227340199,,-0.3032326346
305,-3.594937845,0.04738092582,0.808719445,6.564806463,0.08742117195,,-41.57852693,0.783264077
306,-2.002877552,0.01755478698,-1.227162722,-0.1484158384,,15.59746335,,
307,-0.3550498968,0.02244945041,0.4701455654,,0.009981045871,0.4759349458,32.63425069,-8.548494538
308,-1.326025003,,1.199938953,1.02650542,,,15.61867204,
309,-2.75419673,0.02340758113,-0.09428250707,1.638687429,0.1212826409,16.58406984,-37.79033433,2.40741696
310,,,-1.337875222,,,,,1.148770191
311,0.8873875537,-0.04493472185,-1.69347198,-7.778960479,-0.1469781718,1.04790717,-11.05413394,7.919979466
312,-0.1349995164,,-2.999269522,,,11.37437924,,-0.7241794137
313,-1.361166864,0.01955140376,1.745754997,3.462159233,-0.06409876626,3.941925119,,0.2185521639
314,-1.22412559,0.002271900889,2.354302125,-2.492157907,-0.1628067723,0.1579124881,65.03481721,-4.24811844
315,-0.9062855734,0.02303544562,1.649452302,2.185348242,,2.142510189,,-6.208418909
316,0.4143122837,,0.7479024448,-4.222027766,0.07498185476,,21.35021688,3.12151409
317,-1.543565128,,,,0.309563521,7.927358891,-38.06511894,-0.7613668927
318,-1.90171425,0.004515657242,0.9755676253,-1.053216695,-0.2013240906,8.420842267,15.37154862,1.298140194
319,,,1.889928513,7.309542887,,0.7507763303,3.224845253,-1.094361353
320,-2.876776258,,-1.859435257,2.327488015,0.1769007496,19.71705975,-39.70057696,-2.296839238
321,-2.395916939,-0.002424057702,-0.1837828502,-4.499579579,-0.02729788258,,3.048242273,2.276478974
322,,-0.005283376846,1.209366727,0.9828217522,0.117272177,3.612399203,-22.96090755,1.499173941
323,0.9263935259,0.002045430191,0.4127170325,1.848097065,,-1.324677133,-11.05981031,-0.3594379897
324,-0.8902027273,,1.989389518,,-0.0631817253,-1.289418453,4.71458049,
325,-2.251801349,0.02139260377,0.05050035253,,-0.2385967882,10.29577309,31.41761984,
326,-1.350451688,-0.003674049319,-1.798283462,-5.571224118,0.1175895245,2.554211887,26.25164673,
327,-0.7102534553,-0.01071202316,-2.136376271,-3.895988463,0.1027657134,,,3.59584453
328,1.989494252,,-1.4074585,-0.190717592,0.1331537193,,,
329,-2.687536796,0.01125358949,-2.158435546,-3.268157071,,-7.409145064,39.47489979,
330,-3.8038822,0.01592003238,-1.344907164,0.2710203072,0.0161914877,20.25832663,-62.72284152,8.451328537
331,0.9418085879,-0.03826800779,,-8.775138749,0.1042887458,-24.53203655,49.74613532,0.1436387234
332,0.03996066934,-0.009666708062,,-2.718765952,-0.06754895902,-3.657457703,45.97467859,-1.120138254
333,,0.03106948127,1.632239426,,0.1007765108,6.099167225,-37.48882246,2.650644657
334,-1.933957598,,,,-0.3269509136,,27.40341787,
335,-1.226340677,,-0.02243440348,1.589724849,,17.65789522,-13.18105317,-0.4581649416
336,,-0.02343838251,,-3.90278788,0.1620555337,10.86832236,-76.3892977,6.388119105
337,-0.8421755192,,0.3996535596,-0.8635686418,0.03757736322,-4.25875662,-11.16128473,5.770776666
338,,0.003090117388,,-2.696421061,0.2578874785,-2.05798418,16.66933142,-3.44473455
339,0.262368213,-0.01086751189,-0.8876052207,-3.826639864,0.0323584084,-4.749263184,29.28760283,
340,,0.03624958283,2.183092103,,-0.3902839416,0.2014261052,81.55978496,-4.98813676
341,-0.9288031498,-0.001612577493,2.761929104,-1.460942772,-0.01177794687,-14.64490948,56.23773042,-0.1266133241
342,0.7423916597,-0.01864945139,0.1917569517,-2.237366014,0.127391515,-5.23950193,-17.41862341,5.492826912
343,-1.347558072,0.0006303535514,,-6.128189299,,4.924771797,,
344,0.7318370845,,-1.428752266,-3.927674064,0.04721521202,5.868387955,-21.84548719,2.904529017
345,-3.03317077,0.001638010767,1.537538711,-3.385943084,0.063264234,-2.816439753,24.43259867,4.160872961
346,,-0.02811771675,-1.066607626,-1.107335606,,,-50.15461004,2.368749361
347,1.246470166,-0.01612155394,-0.8002264076,-1.710520859,0.02759782377,-6.894840269,-2.610445964,
348,0.1947166574,-0.02259798454,-0.4015562313,,-0.439844946,1.174712507,13.01756526,4.328322812
349,-0.9999457755,-0.008321797659,0.6418210807,-2.246577445,0.04487921976,,-0.0258247473,4.989548354
350,0.494083171,,2.423670735,-0.3207453536,-0.1681794491,-5.946336658,39.30574581,
351,0.6748142126,,-0.911153054,-4.016183023,,8.373436587,-8.241509088,5.542285419
352,1.008841161,-0.01958351852,-1.54738369,-3.266748412,0.03888375264,-4.955990812,-3.444726104,
353,,0.0099577562,1.655470835,1.410398358,0.06848878051,1.427672151,,0.7124672228
354,,0.02014384251,-1.15835639,0.3037939901,-0.07709385306,-6.267118584,27.85924717,-1.450391493
355,-1.478443915,0.01112075753,-0.06500088231,1.305351429,-0.09386357282,,-26.45540859,
356,2.423342214,-0.01716173236,-0.9554053459,-2.605922557,0.2381047908,-10.8920331,,-3.484361116
357,-0.9895513621,0.008054093955,-1.351535745,0.1194748808,,,-17.73522047,
358,-2.5024622,,-0.5378529923,-2.279485485,0.1754275979,-0.4558967512,,3.025811218
359,-1.568725977,0.01077870506,-0.7428938842,-0.07275699409,,2.009665673,-14.61658617,
360,1.111817525,0.01986634949,0.8319048681,5.918077253,-0.01260254026,,,-3.005665253
361,-1.425619155,,0.6748575191,2.869498763,0.0009825319154,10.09507048,-18.26523801,0.4165814384
362,1.750078737,-0.03309043595,,-6.778965515,0.2021071406,-13.83427739,8.245131015,0.0003501895607
363,0.2763269562,,0.4912304361,,-0.1119406352,20.51100512,-39.11259276,-3.357572104
364,1.826553773,-0.02725537579,,-2.782317519,-0.01283377761,-3.288150557,-23.7191214,4.325212156
365,-0.376187729,0.00766053998,2.407417404,3.695259155,-0.133251862,,,
366,-2.603169792,0.02895041062,,3.402649668,0.07532652755,,7.152746707,-0.3144117872
367,-2.656602675,,-3.112573014,-7.163892771,0.2114728747,2.110537659,8.455736236,-0.06292008579
368,0.0133084569,0.003230792627,,1.466729433,-0.1761398437,-1.602505608,19.44696989,-0.7970370508
369,0.3026158566,-0.01981320743,1.597519387,,,-2.555972502,60.39786088,-4.070757274
370,,0.002010562933,2.627260333,0.09590082272,-0.1492400373,-15.45104255,58.2343627,-0.222974857
371,,-0.03457618603,0.7586095941,,0.3212045427,-2.570545338,-34.28985335,9.486798885
372,-1.646032413,-0.01129434756,0.8999102684,,0.1353928763,5.682019981,-4.630617307,5.476909192
373,-0.3479897628,-0.009591143377,0.8541279594,-4.664411097,-0.07765575286,11.65171181,29.39902132,
374,-2.553065048,0.0303594757,-0.9157146353,,0.2821579684,30.66800288,-74.69182644,1.363981876
375,-0.9389131952,0.01929820738,0.2772234996,1.331705763,0.1611256315,11.28951366,-9.247487614,-3.645841143
376,-0.8046238703,-0.007361196546,-1.135019833,-5.742802781,0.114263752,-10.33678724,56.82052736,
377,0.001008460486,-0.01167966109,,-5.000924948,0.0177607635,-2.093876418,61.8466966,-4.156875272
378,,,,-2.058079258,0.1097728231,2.534271736,-18.98571975,4.101064879
379,-1.486261813,0.002553411321,,,-0.2169946131,3.168964081,-11.90115988,5.8025352
380,2.272233422,-0.0069564922,-1.003877705,-0.2092787506,0.1960611865,-2.3071203,-9.420649041,
381,-0.9168545528,-0.005363152838,0.6469253019,-5.096667128,0.1064866638,,43.6542764,-3.690245989
382,0.6856960493,-0.02051905625,,-4.375062516,0.07899761046,,-1.196254166,1.956028013
383,-1.151426381,-0.007411195371,-2.567702448,,-0.04354274679,7.15776427,-1.876328077,0.08278275349
384,1.295221533,,1.642728781,-1.980548033,,9.83333875,,2.204653567
385,,-0.01426987351,-1.366944853,-3.542713246,0.3826195455,-12.98795195,20.79885934,-6.495720251
386,0.110908079,-0.02082907811,0.6155699913,-3.042169226,-0.1383581248,9.313716158,,6.639980971
387,-1.265230962,-0.01293178388,0.05665229189,,0.270749297,-4.324606431,-5.811753711,5.46266039
388,1.820666061,-0.05928517544,-1.445379434,,0.01137069919,-3.974267286,-10.97065338,9.258328047
389,1.418691399,-0.01093661146,-2.408154575,-2.102012997,0.1582028804,-15.82506045,16.19532804,
390,-0.4003028261,-0.003254930733,-0.9687032673,-2.745579256,,-0.8244781726,15.29393532,-2.17220955
391,-0.2828525107,-0.02071505978,-2.113519133,,0.3718788889,,-41.934155,6.031921991
392,-3.164673579,0.01155706183,1.197816522,2.122346358,-0.3731842525,0.7737227923,,7.144355042
393,-2.796117619,0.02842206862,-1.275704724,1.878274858,,22.80546907,-75.5708713,2.997777362
394,-0.5870303364,-0.01195661585,0.4393136943,-3.046678314,0.0654179397,-6.036209421,8.468053454,3.732610107
395,-1.857377383,0.01089518927,-0.02384308588,1.044957225,,,-25.32969976,3.766035511
396,-0.3858936942,-0.007610985276,0.181395742,-2.243930972,-0.1600252846,,0.522261791,
397,-2.193401964,,-1.538492682,1.812444391,0.1897313294,24.24324477,,2.549315581
398,-3.323137747,0.02660634162,-0.5167773125,0.03576394254,0.3949500186,5.864149542,-20.59121895,0.3024173122
399,-4.628909079,,1.013013513,5.925644412,0.1377111771,16.13996312,,3.559873154
400,-1.258792161,0.006656766594,0.6963144645,2.090254467,-0.2432835915,2.931218742,-5.147272282,3.753935255
401,,0.008667162528,-1.854946959,0.4251392538,0.2265206021,10.34606595,-43.82187795,0.116259016
402,-0.0222478296,-0.02456802519,-2.059784566,-4.248606481,-0.2445921931,6.612339872,-16.88315174,5.543187647
403,,-0.01246574153,0.06379418271,-2.127842269,0.04403915116,,21.56617651,-0.9818602057
404,-1.810444026,-0.01537855597,-0.6483081046,-6.922175062,0.02388547648,-15.47502378,,
405,-0.4656800347,-0.004975874069,-1.086642019,,-0.1634271583,-6.144031893,29.58157479,-1.492343663
406,,-0.03508175471,-4.871563012,-8.183991345,0.08620547259,-20.47282164,34.42648629,-3.130210658
407,-2.241275119,0.0149755846,-0.150017683,,,11.90348188,,
408,2.228248488,-0.00658975841,,,0.2086476032,,,-1.177754546
409,-1.607729539,0.004138865742,-0.3827560307,,0.07289640196,-7.175927899,56.79637804,
410,,,-1.604602825,-1.19582945,0.4599271067,19.52237262,-47.98762949,0.6715483197
411,-1.704441113,,,,,8.477971219,-12.11857094,-0.7981773886
412,-1.153915284,0.01141765919,-1.082686954,0.6133193755,,7.222989127,-21.59540413,
413,-1.246590186,-0.005858886137,-2.574046886,-3.201915467,0.1906685994,7.6727464,-43.02281532,
414,-2.03037156,0.004102107435,1.034944362,-2.113740105,-0.1513925604,-9.025677504,60.24751824,-1.886522809
415,-1.665605032,,-2.563162122,-6.090497247,-0.0002125162052,-1.405517011,29.52602769,-1.995500192
416,-0.5546887926,-0.0002979727337,0.7349031613,,,2.871331988,15.65986637,0.04799911583
417,-1.086678824,0.002125968588,-2.994084937,-1.11935481,0.1043163103,,-49.90950861,
418,-2.216127461,0.02044552907,-0.3383466833,-0.7381225229,0.3228079329,7.895841578,-6.632916976,-2.64047438
419,0.08216597561,-0.001731294642,-0.8714306159,-0.777518925,0.1775582849,0.6438650892,-19.31792028,
420,1.392340855,-0.03006543759,,-6.802396981,,-18.9483581,32.27494761,
421,-0.7968524466,,,-4.562480871,0.04241956374,6.19238753,-0.09810867901,6.13415997
422,-3.853730711,0.04068046288,1.048985601,6.715199981,-0.006797062911,0.959671432,,4.393797079
423,-0.8095729655,0.001068615743,0.8506147551,-0.03552543668,-0.07347868674,7.047482548,-8.377383219,2.727620411
424,,,2.265551395,2.930985511,-0.1421852473,,-0.3872798863,0.7791598786
425,-1.324745231,,,-2.873366985,-0.03721342673,,-55.92494379,3.360168561
426,1.026045551,-0.03431441387,2.229698298,-4.753547365,0.1335618292,,-29.41318247,10.39145765
427,-1.776589229,0.01585395834,2.459609472,5.387857033,-0.2204966648,3.84219506,,7.977510888
428,-1.240493218,-0.003315099273,1.742426215,,,6.028544997,68.8893456,-7.073566156
429,-1.33406754,,0.4824833672,2.818505777,0.01795086167,,-19.09186541,1.386786297
430,-0.1838946438,0.01248771771,0.5095254974,0.7132420154,0.07054482753,-2.128439597,28.67869129,-6.032860719
431,-1.735292129,0.01387666527,,-1.407779862,0.2014612677,7.519343281,1.602995663,-2.996480067
432,0.1709386917,-0.01822205024,1.068591483,-2.26568581,0.1405188417,-4.437611591,-20.89589191,
433,-2.303527529,0.02528021025,0.7415186661,-0.1181777457,,1.724707099,36.73027079,-6.621159329
434,1.409895886,,-1.363233639,-6.306323839,0.1975330835,-14.04723489,11.66014565,2.068442879
435,2.21158542,-0.01685859315,,-1.639459071,,-4.058694841,,0.1546042734
436,2.58339813,-0.02412220739,,,,-0.5041863633,11.28743149,0.9815126614
437,-1.800133285,0.0003717634625,0.2620027148,1.57990789,-0.411376631,-5.034832648,4.908450013,6.844403971
438,,,0.07940710187,2.460006897,-0.005294935101,,-34.42128003,5.692602996
439,0.373384375,-0.01509193042,-0.1865501446,-1.872697678,0.1199853955,-9.912263941,-9.373980149,4.870438852
440,-3.135936125,-0.01292383415,0.8225494041,-7.149699843,,3.262724015,29.72684838,
441,-0.7920193411,,0.06551743604,,,,-0.6135432349,-0.03190832609
442,-0.9085318885,-0.009301334541,1.095783201,-1.725936256,-0.01601212087,0.2744647686,-8.236600697,6.377349911
443,2.090501871,-0.005208956483,,,0.2279718616,,-4.798211218,-5.314290926
444,,-0.0172818996,-0.868830639,,,-3.851042527,,
445,-1.541646359,0.003121142421,,-3.838707302,0.05969502651,3.150643984,19.89616692,-4.080443952
446,,0.01844506455,0.7626135655,3.7567075,-0.2730801754,-4.859132813,7.688582113,3.891632285
447,-2.241124041,,-2.008433598,3.410002075,0.08294873684,-11.1661737,-26.84287226,4.351871435
448,,-0.01325944877,3.168292384,-5.76618493,0.1803997788,,66.78982257,-0.2605120596
449,0.3245464806,-0.01157889769,,,-0.3714108494,-4.311504169,24.9288899,4.620471472
450,1.508482701,,0.6605444512,2.930262074,0.1481929808,2.915023547,,-5.868212045
451,-2.725226873,,0.07632413115,-0.1974813275,-0.03342123984,2.150564316,-7.103252353,
452,-0.7099291231,0.01313394269,2.598178009,5.80095232,-0.2621021484,-12.86700158,13.48325594,3.963030354
453,0.4584125065,0.005817864245,-1.124742974,0.8552635344,,4.632234412,-7.399861325,-3.401001589
454,2.123695036,-0.02330260725,-2.154585655,-4.093336667,0.2092163305,-9.658497113,1.107407711,-1.548617516
455,-1.461649657,-0.01202100377,1.320865095,-8.67066607,0.2090055586,8.272959332,48.47704135,
456,,,,-4.702649799,-0.07442177229,6.091778529,41.31986403,
457,-0.7977326203,0.00642407709,0.6888600249,-0.614535374,0.02173477174,4.518854013,,-1.983135924
458,1.411427759,-0.02619333033,-0.6023507452,-4.814974561,,-7.693019314,,2.007381097
459,,-0.006350277159,2.168143479,-4.405510732,-0.01338980575,2.845728715,46.37262034,-1.681900822
460,,,1.738256463,-5.452150868,,3.873315204,71.06518311,-8.063138405
461,,0.0348275995,1.305358972,,0.1272049362,6.169426627,15.94129284,
462,,-0.007237397776,-1.136986034,-2.574115344,0.2398164747,,-21.62692162,6.220759843
463,1.398296409,-0.01234005539,,-3.395470011,0.1738056607,-7.246031533,8.463211935,-4.684700808
464,-1.649957366,0.007504448325,,,0.1587263398,,-11.20177467,0.2061199264
465,-1.546478608,0.01532243413,1.703245013,2.53048135,-0.03095317222,8.316037799,-14.05895314,2.631717374
466,-0.1523062254,,-0.3144324842,-1.114008759,-0.1719915526,-2.366754495,31.73743491,-3.010733893
467,0.5130803417,-0.02264991963,,,-0.1844057787,10.55813582,-18.24161604,3.435267255
468,,,-0.1576281154,0.5354136673,,-0.9680952211,-31.89917934,8.456227033
469,-1.060496009,,0.6279717817,0.1802821179,,2.636215381,9.736459854,-0.1774884894
470,-0.8253480331,-0.01785462411,-1.627313086,-5.191914526,,4.86733016,-22.13565996,5.316435663
471,-2.632590442,0.01989236411,3.551117711,-0.4851470555,,,65.38069221,-4.196420865
472,,-0.007392758543,-2.390657507,,0.02940399696,-9.442524678,37.77500431,-3.8046547
473,0.9233894732,-0.01041652555,-2.422812925,-1.289804523,-0.1153707044,-1.126932949,-3.311428566,-1.065604686
474,-1.529535361,-0.01219194361,1.246144601,-0.5645245661,-0.3786254304,2.520825443,-10.46159113,10.59647757
475,-3.422327553,0.02108281833,-1.207456821,,,0.6396814093,16.60341868,-0.8603983366
476,-2.710553428,0.004141212322,-0.4654320823,,0.1167407632,11.2286169,26.1345946,-2.819125802
477,2.461242705,-0.03033067229,-0.1623277709,-3.362290517,0.0423579057,-7.943034739,0.07448647535,2.326953034
478,-1.249269772,-0.007325046211,-1.981416915,,0.1812616021,15.0368219,-36.67821044,3.247741302
479,-0.8154961971,0.003706581325,1.342951301,1.745045454,0.004157620486,12.25034703,-44.27333832,6.713268285
480,0.2523953357,,2.541287797,4.114679006,0.01730244228,,,
481,-4.232362628,0.04450550915,-1.518585753,,0.2403252005,12.76135062,-31.68355716,-1.397810539
482,-0.08362903388,0.001227288181,-3.32052792,,0.1198078699,,-9.244705595,-0.8341747377
483,-1.769964374,0.02293143219,-0.7058933069,2.208319506,,2.622646759,-15.04526522,-1.177899119
484,-2.477269452,0.02432090221,2.302646481,,0.1924400353,-6.243753633,36.35509168,-2.752005876
485,,0.0176984682,-1.006926309,,0.05320692339,25.59086717,,6.149270001
486,0.0755368263,-0.01124157327,2.344058598,-2.385455735,-0.1660420427,-2.481983721,42.88914938,-0.1988866591
487,-1.181286705,,,-2.090957695,0.1481881108,3.234963757,-32.67283958,7.947856665
488,-2.824166762,0.01733538007,,0.1664033607,-0.1009444625,,,-0.8360768467
489,,-0.03395390622,,-2.964864593,,-6.637630779,29.09726674,
490,1.152113604,0.002896939456,0.2828176544,2.03472221,0.04728540653,6.34740981,-21.72720519,-0.9452220235
491,-1.223833157,,-2.220524416,-0.8404656321,0.1921928095,,-11.8820666,1.914558919
492,-2.621325675,0.01637602548,,,-0.2208206995,,42.6240347,-3.078346168
493,,0.004276046812,2.147518938,-1.252558375,,-0.9901292172,-10.47735729,
494,,-0.001304461146,,,0.07334808116,-11.45956438,40.47176851,-3.944750482
495,-2.407154239,0.01279317506,1.497203006,-1.378906509,-0.01838661004,,31.53802343,-1.74568484
496,-0.7619443134,,,4.807630783,-0.07886731446,0.8478858596,10.24754446,-0.9466082523
497,0.7797610554,,-2.162335041,,-0.01456033001,-0.1725517338,-30.05178666,5.127133149
498,,-0.03864054793,,-2.409039576,-0.2649715222,-5.310800701,-5.412089165,2.796600836
499,-0.1674350395,-0.02673639724,2.991411044,-10.79859918,0.2666909126,-3.369441339,,-4.507684184
500,1.08824085,0.003006324998,0.3397987628,,0.1319189467,5.960577462,-17.9316379,-1.805463715
501,-1.837280556,,-0.7165374169,,0.0412906943,-5.655098301,-9.106532001,4.086038782
502,-1.680525901,-0.006666887436,,,0.110273955,-5.483867208,,0.2863048642
503,-2.378377576,,,-3.069615402,0.02454620841,-1.661678838,7.338425823,3.841126914
504,,-0.000288320584,-0.7277203021,-3.293646037,0.1160075806,-0.7613514474,7.724077598,1.316017879
505,-0.231539732,,0.1287896436,-2.265901759,0.03713162664,-3.338053761,4.546262464,2.368849172
506,-0.3806389432,0.02762876365,2.760352142,2.806615655,0.2499530691,-1.350016998,38.66970148,-9.012189149
507,-1.158638078,0.009429820192,,2.846185359,,0.9756504983,-17.77380224,
508,-1.984218849,,2.844334717,4.338669869,-0.2576805798,-6.753058563,12.10757712,5.476086016
509,0.5293988975,-0.03013538133,-4.315771363,-9.047609797,,,37.56645071,-2.965672942
510,-1.035698423,,,0.4969019306,,13.37999324,-0.6319703767,-3.107615509
511,-0.6581580166,,0.7135500699,-4.55269946,-0.1364296319,9.732853687,25.05768761,-0.4188533495
512,-1.459694392,-0.0007915044174,-1.399934957,,,-2.328864458,18.70125858,-1.005461148
513,-2.1580085,-0.004789572002,-3.66461998,-5.854697053,0.06328377906,16.80754308,-22.88583976,0.9493334056
514,-1.223729752,-0.006070051078,,-2.776899003,0.03790203333,,-17.60479926,3.835869339
515,0.2772401933,-0.007090598177,-0.1334360422,0.2523780522,-0.2096178901,4.419478651,-11.15193887,2.854740934
516,-2.079255956,-0.001520038276,-1.83056377,-5.727298026,,-4.367586232,20.75290732,-1.502029025
517,-1.243877142,0.03285986201,0.450866875,4.931805912,0.3321679374,27.68893844,-77.9983518,
518,0.1497652371,,,-1.364442881,0.04150590622,,2.825064235,-0.2140595901
519,-0.2481354453,-0.01359365951,-0.9250167374,-4.181332505,0.1267915651,-3.120694381,,1.541916652
520,,-0.02175932279,,-0.09714153904,-0.3311039434,-2.498613121,5.436620928,
521,-2.893696316,0.03364539476,-0.5578497914,2.288414936,0.1453198097,13.57241048,-15.46707183,
522,-1.844988909,0.002790469721,0.8480278355,-1.350330658,-0.2463750912,,29.71171443,0.5223214148
523,,,3.364027867,8.873654526,0.0358455695,,-16.91733949,-1.325981619
524,-0.001493856441,-0.01329697358,0.02501976616,-2.363757254,0.02466325144,-9.087310051,9.4182834,3.058881908
525,0.6324500944,-0.01993822126,0.3103221969,,-0.2626630966,2.148455989,3.325708346,3.854398321
526,-1.852434921,0.001907896842,-0.3004698216,-1.498007017,0.1008537855,,-8.815280208,4.069515518
527,-2.382357951,,-0.8625630465,-2.313612381,,6.774159656,,2.448739842
528,,-0.01277775337,0.3275912338,-4.700891306,-0.0177405541,7.634200913,6.881048866,2.536390839
529,-3.1584254,0.02770431637,-0.9671649851,2.379586029,-0.05215177764,5.415667501,-5.996685903,-0.1242036834
530,-1.305223032,0.03325231679,,2.778001082,0.2766540437,17.32398093,-4.970532555,-6.723776218
531,-2.66396824,0.005374364863,-2.20010658,-3.299828023,0.1241643784,3.689712829,-6.624426378,
532,,-0.0110212483,-1.500695356,-2.308338375,-0.01544402496,8.083283172,-21.39511496,
533,,-0.01555334371,-1.500537301,-4.404011528,0.1894669754,3.634110232,-25.45047185,4.130772192
534,,-0.002910641129,-1.193672944,-2.979606126,0.02634422793,10.45609963,-16.31622503,2.353203519
535,-0.4206548337,-0.0009308887496,-1.115883146,1.981733924,-0.2195767388,15.26071243,-57.94972421,6.931527707
536,1.799754287,-0.03015530189,-2.511452435,-6.606933075,0.2563021537,-16.22725811,,-1.636235564
537,0.2573843826,-0.01098389117,-0.6828279172,-1.006612319,0.146574746,-10.92100251,-15.92185818,4.745313462
538,,-0.03667600608,0.6058045591,-2.987735604,-0.4811264127,,22.78926678,
539,-0.4656276143,0.004115596743,-1.217154023,-0.5319450129,-0.03710117764,13.22150253,-16.66651651,-1.209476584
540,-0.07554087445,0.01559053876,,2.770040751,0.1350883259,8.378350537,,-1.755255509
541,,-0.01455003423,0.1536616165,-4.050543686,0.0868767089,-4.770451892,,0.9662835851
542,-2.376437973,0.008490749865,0.6005652476,-4.11708131,-0.001152446906,16.35298988,30.79827374,-4.23588581
543,-3.776620631,0.02099453281,-1.089580552,,0.1530013618,-2.229538613,,3.336494578
544,-2.296787635,0.008076964841,-0.2479933604,-2.631434841,,10.81719411,7.257902242,-0.7415884288
545,3.196913891,-0.05673563547,,-10.6013852,0.4544291648,,15.603259,
546,0.1929240965,-0.005083742937,-0.3411565563,-1.858153727,-0.07661662797,-5.03818668,32.38164465,-3.196779992
547,-1.097267856,0.002569464917,,-2.239313774,-0.2468308905,13.56578567,37.64843088,-3.804840425
548,1.034527474,-0.004519405515,1.873566711,1.57315925,-0.1620577251,-3.010347606,12.88873011,
549,,-0.01770752571,-2.26236474,,-0.1102687271,,14.37065026,-0.460684353
550,-1.709436915,0.007141729674,1.144517664,-3.537578297,-0.05330216135,1.47414537,67.49762891,-6.963920339
551,1.937934236,-0.01516552634,,-1.598949016,0.10772725,,-5.396987543,-0.9607150058
552,1.245772199,,0.1850898395,-3.585524207,-0.03992075639,1.6993929,7.933189005,0.6808349635
553,0.318547182,0.003913044341,2.438559849,4.99828778,,-11.12030405,,
554,1.258757381,,,-0.3698617704,0.1015756212,-2.210070358,-2.556695779,0.1764598718
555,,0.002337029098,-1.813078615,-2.962224162,-0.01288564375,-3.620303598,30.98727394,-3.681950408
556,,0.02068424427,2.039531344,,0.2300252785,-6.028483528,46.48201276,-8.098667042
557,,0.01822499392,-0.5271344516,-0.9301090347,0.2782501135,11.12243304,-10.24528448,-2.763109472
558,0.7022400261,-0.006434386377,,0.7740006039,-0.1854259306,-6.194766538,24.65067816,0.8478384945
559,,-0.02005570948,-0.6598755387,,0.2343889164,0.9241714797,,
560,-0.3110614852,0.002516662546,0.808202162,-1.771716618,,-0.0119020281,39.6207032,-5.009482137
561,0.8000502882,-0.007673009996,-3.381926377,-3.4049525,0.1759195916,-3.559965049,,
562,0.1182275461,0.0216918222,2.154604698,2.552237498,0.178300911,,,-7.854545956
563,-3.272556822,,-2.94995705,-6.241850649,0.4970814888,,-10.18378478,1.49940155
564,-1.314578547,0.005271273828,-2.046364472,0.9400557758,0.22203674,-7.731896483,-41.81307764,5.951267901
565,-1.416408828,,-1.805425059,-0.1473139003,-0.002224775901,-2.496958036,2.684118265,
566,-4.639662292,0.02716058823,-1.207479126,,-0.1317923592,8.787490015,35.52746722,
567,-1.075363044,-0.005570758021,-2.262053554,,,2.50383612,-41.78820966,5.294346673
568,,,,,-0.2517320089,7.225030786,49.64026135,-4.613216862
569,-0.7803163075,0.009124544533,-0.5517394214,-0.3215476752,0.2485184721,5.227643583,-17.87052925,
570,-2.33384204,0.007114182392,,-6.078672612,0.06253942716,4.858798793,77.85139527,-8.964819219
571,-0.5814841175,,,-3.749072235,0.217695348,7.472411575,-27.1104763,2.668045943
572,-3.960554103,0.03781221933,1.163985638,,0.3527701012,0.05745293817,10.61386011,
573,,0.0110202629,-0.6767350436,1.633105831,-0.0497343806,-5.896971346,-4.222152273,2.833560311
574,-2.342461876,0.01742573342,-0.5755011807,,-0.2905488321,9.020171327,5.600403337,-0.2834168336
575,0.464110746,-0.01537299836,-0.710337234,-3.594676567,-0.04594150149,15.71691374,,1.361109554
576,0.3543084321,-0.02424891425,0.6078288082,-5.487145103,0.1442941578,-4.941172549,,3.327684466
577,1.358346908,-0.03572758653,-3.503130143,-9.468363762,0.332486159,-22.36323622,37.39471822,-2.650104823
578,-2.107412081,0.0275333882,0.7023498894,3.570117331,,11.97324522,-29.90615524,
579,,0.002837512008,-0.2626099354,-1.164174161,0.05683578749,-4.432857997,,-3.972602777
580,-0.8843304508,,-1.105946297,-6.621856302,,,,-0.9896413693
581,,-0.0030628527,1.161330325,,,4.990617839,16.06104673,-0.9892339264
582,-1.912741533,0.00387240268,,,0.01689750302,,,4.222294326
583,-1.092547715,-0.005290218878,0.528321063,-1.477402172,,,-5.731130397,4.951989166
584,,,1.361126769,-5.425846787,0.02932762902,,47.00902297,-3.713688201
585,-3.746495861,0.03177078909,2.274408099,1.045862319,0.108778534,0.4673494476,37.55251957,-2.728535483
586,-2.586811247,0.005791101203,-1.618718076,-4.147221497,0.2247968388,-4.278807624,19.62947878,
587,-5.370627201,0.05648858783,0.01572168999,3.685040664,0.271820934,13.7611553,-8.695734227,-3.695717269
588,-2.396003391,,-2.771933022,-4.9528662,0.09609535505,3.624094405,3.514304317,0.0381195873
589,1.010969871,-0.005490222643,,,,-4.687317917,9.026518737,-4.108960411
590,-0.07603531507,-0.01523950695,,,,2.156386941,4.331275001,0.3297358372
591,-0.8731523146,,,1.701379457,,7.11712486,-20.55825586,1.121390377
592,-0.01921956763,0.005728738866,1.135767939,,-0.1901212813,,31.76352945,
593,,,-0.4665478548,4.080070045,-0.3079804551,10.58835349,-4.019051236,0.3400469375
594,1.377278615,,-1.888550878,-3.679415934,,-9.036570973,12.27839824,-2.712529731
595,-0.7604013599,0.004531652689,-0.03027502814,2.059507944,-0.2457269987,17.96050285,,
596,0.592289273,,,-0.7040661988,-0.2286920738,-10.02479139,45.22289458,0.9495262876
597,-0.7603084812,-0.01314007924,-1.753717849,,0.243159478,3.457043961,-32.44578149,5.048427371
598,-4.319465332,0.02888180911,-1.978099088,-1.272441028,,17.66781463,-47.18844552,1.597223456
599,-1.458522506,0.01313695995,-3.961610817,1.488817577,0.2003846457,,,0.9677746852
600,-0.07079997825,-0.01331341232,-1.6381184,,-0.143580566,0.1633783324,,-4.070128387
601,1.284459872,-0.01981327965,-1.548325411,-4.664913291,0.2196907569,,16.74779118,-1.905741749
602,-1.107960708,-0.008074974716,-1.287661429,-2.342129523,-0.1528719509,5.648599039,-10.90276298,3.977863811
603,0.6633949131,-0.0193027422,-0.9070055384,-3.850206881,0.06659877425,-7.713202502,9.168819103,1.342995763
604,-0.08424160857,0.02682708097,0.1279816611,5.811171954,,,-16.87295595,-4.718937472
605,,,-0.7156956252,-0.6033788897,0.1777491623,,16.11977767,-5.999686497
606,-1.229349802,,-0.975892516,1.48738666,-0.1758794713,5.200311246,,-4.514142115
607,-1.597439842,0.001856904356,-2.239740075,-2.436421018,0.06007708173,10.95198214,-24.45547951,1.506178123
608,1.716946242,,-0.1932709005,-7.671150407,-0.01053499151,-0.7692931979,4.185795993,4.830276826
609,-1.314956337,,-0.1384640068,-5.225119981,0.1355315755,-19.11017441,86.07254223,-7.390388133
610,,0.01369941274,1.234221322,2.030471846,-0.1679395062,1.651187954,9.30826089,1.690290208
611,-1.902606009,0.003768109732,,-6.543129038,0.1242324191,0.879144583,86.34910479,-9.401521148
612,,0.03413492141,,6.149817724,0.04357043477,4.665370373,3.493612775,-4.205404916
613,1.380289758,-0.008024121492,-1.022346433,-1.466391657,0.1568157129,-3.464548614,0.2642675277,
614,-0.9068617551,,-0.3224969676,-1.404633602,,,,2.054349353
615,-1.052408273,-0.006909294861,-0.741523456,,0.09321054117,,-9.070793764,3.312447991
616,1.193319794,0.006769620462,1.691673795,2.262046091,-0.06779631021,,21.86847752,-5.189541424
617,-3.457114564,0.0310601931,-0.6224612503,2.585741523,-0.2258879312,9.270612053,11.27598435,-2.166070774
618,-2.501947359,0.02610105822,,,-0.4388528124,,-3.252718319,2.109161907
619,0.1444840852,-0.01369087344,-0.13313433,-3.936552815,0.2383041362,-0.007302543325,-7.213375546,
620,,-0.01035988728,-1.865369035,-3.999171309,,7.852818731,-30.22598373,4.586291328
621,2.455771641,-0.0205212429,-4.029600363,,0.1646864237,-9.706668482,3.152607245,-4.979527896
622,,-0.01702899876,1.741251375,,-0.2565221904,10.6706359,9.460665355,
623,,-0.005749763805,0.7263136394,0.7735297652,-0.0415970651,9.08841227,-36.33273712,5.348640057
624,,0.020423717,0.4788072264,-0.7736775157,0.2348610638,0.8009956875,28.66634083,-5.693779907
625,,0.01476777884,0.1752194043,0.5843040598,0.1976547083,4.889807167,-4.202028593,
626,,-0.02745807545,,-4.685171446,-0.01540039111,-2.555609094,-13.95599915,5.76110588
627,-2.440951293,0.01097651978,,-0.4558097564,-0.3644464934,20.47094288,5.814675205,
628,0.2528377362,,-0.0920244211,-0.5837930554,0.0005962968179,2.515451786,10.29725154,-2.902362007
629,-0.8196270823,0.004226139225,1.508981855,0.7838086203,-0.1737850102,1.39974674,16.45226376,0.8263490792
630,2.270927365,-0.02338141771,-2.244724829,,0.1247839726,-9.808341452,27.88216075,-5.49916259
631,-1.390795145,,-1.610147434,-2.320777622,,,-21.89047409,4.970998531
632,0.3835857597,-0.01598186391,0.3740291955,-0.6569406175,,,-36.67141133,7.561073651
633,3.763079165,-0.007911421732,-1.992507872,1.270299375,0.3261543972,5.689364911,-52.03395097,
634,-2.234789751,0.006564462452,-0.05550566066,-1.720805449,-0.05322847157,2.25652328,16.8025218,0.5171730163
635,-0.7892748381,-0.003329820432,1.228230652,-1.531710295,-0.1423000922,5.976127624,14.09159686,1.223537586
636,-2.182914456,-0.007359304622,0.967329254,-6.717388152,0.1802040884,1.7232396,35.09631739,0.2848529573
637,,-0.01011184593,,-4.13412985,0.09575983361,6.007949832,5.738332777,2.928646675
638,0.3578472194,-0.0009042831456,-0.5925216148,0.1980365734,-0.1542718818,,-6.222747063,-1.116523513
639,-2.326644416,0.0391490246,-1.449695825,,0.1419179696,13.67583837,-34.30687939,-3.348742075
640,-1.05988393,0.01364666947,,3.348644007,-0.03198287533,-11.12972679,-15.21812614,
641,,-0.006984414778,1.052138692,,-0.04101981561,7.616156706,-37.13446377,
642,-3.183934858,0.02967686981,,0.134905604,0.3829328963,17.78899928,-41.9097804,-1.12694422
643,-1.535423064,-0.002172325535,-0.4285283731,-2.725090732,0.08299508001,,,2.626312244
644,,0.00841639362,0.2388077026,1.220555351,0.09988159026,5.555787195,-7.707356091,-2.614509964
645,-2.15805459,0.005485833663,-2.584860008,-3.789952826,0.3467714024,13.01235495,-36.91396279,1.218200765
646,-0.8948610903,,-2.634473415,-1.403106796,,,,-3.245658567
647,-1.975729578,-0.005780238981,-2.249905057,-5.61752413,0.09852552961,,,
648,-1.202718474,-0.008010729928,0.6438180368,-3.636736977,,,17.12409952,2.029347044
649,-0.2381581251,0.006199182537,,3.295996851,-0.2403888986,7.883551012,-6.871438757,
650,0.5561109701,-0.01917197268,2.487357,,0.1252724324,-0.1882427443,19.80987811,1.848504053
651,2.163612267,-0.02322149469,-2.032338442,,0.0383346865,-7.911901838,21.7326237,-3.969641593
652,-0.7455060159,,,,0.1343678865,,32.6933294,-0.01528951989
653,-1.750897948,,1.257167252,,-0.2904099969,9.352348114,51.18380015,
654,0.9795425856,-0.00360362011,-0.9470186433,0.140767882,0.04966542816,10.56433246,-33.75355171,0.3179164812
655,-1.734079175,,-1.966687391,-0.120876952,0.1338709342,-5.21676673,-16.05888568,
656,-1.178786324,-0.01455690329,-2.818093013,-7.721723741,0.1400019086,0.3820520484,21.29908831,-1.984129171
657,-0.9292367316,-0.0141436462,,-6.281467096,0.0039471739,,37.59046536,-2.02220563
658,-0.6623950376,-0.004397602397,,-0.9200603611,,,,4.276729877
659,,0.01117825609,-0.905401967,,0.0555651702,,,-1.866703016
660,-2.370604733,0.0111635099,-0.02095951648,,,9.114495261,-1.889083217,0.05661848689
661,-0.9302389031,,-2.158424878,-4.465753018,-0.09093544677,3.976975401,16.50444763,-1.623433954
662,1.690777215,,1.619818569,1.687583881,0.2056484872,3.122493247,-18.83331137,-0.6849924269
663,-3.052573258,0.01938500201,-2.403327842,2.76734999,0.21256683,-17.12083446,-32.85333328,6.870341349
664,,,0.4053507219,-0.1097377832,0.05398386629,-4.433884032,,-2.032932596
665,-0.3137705625,,-0.2149427549,-4.181464297,0.206436349,,,3.845987857
666,-1.454210887,0.007196695613,0.1376940571,,-0.1115458237,6.877004417,0.7824347758,
667,-1.970559216,0.02735283486,0.5309743244,0.2476629964,0.2126017891,,,-6.810605211
668,0.676514574,-0.01785601214,1.200411592,-0.2802510298,-0.3185559471,-0.5400338316,-0.852905801,5.89798028
669,2.883428155,0.002833071462,-0.07383554892,,0.2547805224,11.81167121,-56.08238348,-2.095595835
670,1.787806443,-0.02705415824,,,0.1892525847,-12.83075287,11.84225014,-0.9285505343
671,-1.755305943,0.01180372731,-1.426726113,-1.777125746,0.2919591706,13.48210974,-28.28965585,-0.6857365523
672,-0.9250503892,,0.7460619318,-1.430547557,,,29.80275854,
673,-0.8304596753,0.008818627806,-0.9391047443,0.08125834539,-0.0228656218,17.26816798,-24.11275735,-0.8865215929
674,-0.8281419688,-0.0005514427431,1.188473679,2.425551777,-0.4666770149,,10.26891896,
675,0.7499403948,-0.02152134662,0.6194434602,-3.747543252,0.1023713315,,7.943727367,3.245136763
676,-0.857087418,-0.01751297909,-0.4550946456,-4.511669853,-0.1699930708,,9.697611793,3.821720179
677,3.695832951,-0.01844804265,-0.9033017345,-0.7006022374,0.3095791781,-2.924117854,-29.06041004,-1.784047978
678,-0.03308269513,-0.01472989556,-1.993563866,-3.618804795,0.1724418453,,-34.71345556,4.172787918
679,,-0.003545150216,,-3.469695657,0.1641040428,0.769012554,-2.090890216,2.986249828
680,-1.452079734,,,-4.779843911,0.01932180407,5.529589084,33.84406279,
681,,0.006611043345,-1.495477273,0.09886666919,0.1809921129,-6.60466386,-19.74606006,3.295138876
682,,-0.02193526662,-1.154866761,-6.557813819,-0.00825212857,-14.53006944,41.96007959,1.534063537
683,,0.001412097185,-1.42679183,-2.436467098,0.1235852962,,-10.97583635,-0.9197763419
684,-1.599387267,0.018516886,0.1550485874,,-0.1579490207,5.861937198,17.64341887,-3.255844226
685,,-0.01653410302,,-6.167152182,-0.08297996991,2.981759759,56.51131624,-0.8811503852
686,-0.03200964407,0.006835008449,-0.01514685108,-1.063788328,0.1785876946,7.518449094,5.173908443,
687,-0.02834372372,-0.01078627634,-0.6242087835,-3.134914025,0.02194084386,-6.934323946,21.28399226,
688,-1.757181642,,-0.9160428105,0.4005315807,0.01127888793,15.07001856,-38.82725421,
689,1.971038835,,-3.531142568,-9.476038795,-0.1962580612,11.53673304,-42.95743659,9.429620135
690,,-0.01339349727,0.05777282278,,,5.90873248,-1.515888654,
691,-1.459895678,-0.004943443625,-0.7860164818,-1.847989988,0.2600783521,-7.352176972,-28.75475338,
692,-1.666665764,0.005604534816,1.671795617,-3.300951612,0.4144965606,-1.204252734,,-0.7377802175
693,0.9857799168,-0.009307952968,-0.0009415139302,,0.02663561014,-1.257373738,-4.7005864,0.6863830444
694,0.8191072076,-0.01093256209,-0.1124522932,0.2799693288,-0.08526896733,6.491584464,-34.15411664,4.872627314
695,1.91539139,-0.01384275766,1.144302484,-0.2064966167,-0.3049527065,-12.07159853,52.82366958,-3.532766264
696,-0.3764597095,-0.01551965482,-2.018473849,-6.587740445,-0.02559193999,,43.07246454,-4.153081186
697,0.4680291184,-0.02067903229,-0.916403282,-3.124167748,,11.15753194,-10.83468272,
698,-1.132138712,0.01763366496,1.747888615,3.296724748,-0.07371428132,3.753853357,2.162360125,0.0591456001
699,0.2937035401,-0.005155382458,1.905605124,-2.734644566,,2.884185694,47.49565261,-4.863096745
700,-0.704848625,0.005333357282,-1.408674002,-0.02727788297,,,-41.46479444,1.533805668